<?xml version="1.0" encoding="UTF-8"?>
<configuration>
	<contextListener
		class="ch.qos.logback.classic.jul.LevelChangePropagator">
		<resetJUL>true</resetJUL>
	</contextListener>

	<!-- To enable JMX Management -->
	<jmxConfigurator />

	<appender name="CONSOLE"
		class="ch.qos.logback.core.ConsoleAppender">
		<encoder>
			<pattern>%date %-4relative [%thread] %-5level %logger{35} - %msg%n
			</pattern>
		</encoder>
	</appender>

	<appender name="FILE"
		class="ch.qos.logback.core.rolling.RollingFileAppender">
		<file>/opt/tomcat/logs/sync-service.log</file>

		<rollingPolicy
			class="ch.qos.logback.core.rolling.FixedWindowRollingPolicy">
			<fileNamePattern>sync-service.%i.log.zip
			</fileNamePattern>
			<minIndex>1</minIndex>
			<maxIndex>3</maxIndex>
		</rollingPolicy>

		<triggeringPolicy
			class="ch.qos.logback.core.rolling.SizeBasedTriggeringPolicy">
			<maxFileSize>5MB</maxFileSize>
		</triggeringPolicy>
		<encoder>
			<pattern>%date %-4relative [%thread] %-5level %logger{35} - %msg%n
			</pattern>
		</encoder>
	</appender>

	<logger name="org.springframework" level="warn" />
	<logger name="org.springframework.web" level="warn" />
	<logger name="org.springframework.security" level="warn" />
	<logger name="com.appman" level="info" />

	<root level="info">
		<appender-ref ref="CONSOLE" />
		<appender-ref ref="FILE" />
	</root>
</configuration>