<project xmlns="http://maven.apache.org/POM/4.0.0"
	xmlns:xsi="http://www.w3.org/2001/XMLSchema-instance"
	xsi:schemaLocation="http://maven.apache.org/POM/4.0.0 http://maven.apache.org/maven-v4_0_0.xsd">
	<modelVersion>4.0.0</modelVersion>
	<groupId>com.appman.core.syncservice</groupId>
	<artifactId>AppMan.Core.SyncService</artifactId>
	<packaging>war</packaging>
	<version>1.0-SNAPSHOT</version>
	<name>sync</name>
	<url>http://maven.apache.org</url>
	<properties>
		<java.version>1.8</java.version>
		<project.build.sourceEncoding>UTF-8</project.build.sourceEncoding>
		<aspectj.version>1.9.2</aspectj.version>
		<maven.build.time>${maven.build.timestamp}</maven.build.time>
		<maven.build.timestamp.format>yyyy-MM-dd HH:mm:ss 'GMT'Z z</maven.build.timestamp.format>
		<hibernate.manager>5.2.10.Final</hibernate.manager>
	</properties>

	<profiles>
		<profile>
			<id>ldb</id>
			<properties>
				<profile-value>ldb</profile-value>
				<config-value>${basedir}/asset/db/local</config-value>
			</properties>
		</profile>
		<profile>
			<id>jdi</id>
			<properties>
				<profile-value>jdi</profile-value>
				<config-value>${basedir}/asset/db/local</config-value>
			</properties>
		</profile>
		<profile>
			<id>pdb</id>
			<properties>
				<profile-value>pdb</profile-value>
				<config-value>${basedir}/asset/db/client</config-value>
			</properties>
		</profile>
		<profile>
			<id>dev</id>
			<properties>
				<profile-value>dev</profile-value>
				<config-value>${basedir}/asset/db/dev</config-value>
			</properties>
		</profile>
		<profile>
			<id>sit</id>
			<properties>
				<profile-value>sit</profile-value>
				<config-value>${basedir}/asset/db/sit</config-value>
			</properties>
		</profile>
		<profile>
			<id>uat</id>
			<properties>
				<profile-value>uat</profile-value>
				<config-value>${basedir}/asset/db/uat</config-value>
			</properties>
		</profile>
		<profile>
			<id>prd</id>
			<properties>
				<profile-value>prd</profile-value>
				<config-value>${basedir}/asset/db/prd</config-value>
			</properties>
		</profile>
	</profiles>

	<parent>
		<groupId>org.springframework.boot</groupId>
		<artifactId>spring-boot-starter-parent</artifactId>
		<version>2.1.0.RELEASE</version>
	</parent>

	<dependencies>
		<dependency>
			<groupId>org.springframework.boot</groupId>
			<artifactId>spring-boot-starter-web</artifactId>
		</dependency>
		<dependency>
			<groupId>org.springframework.boot</groupId>
			<artifactId>spring-boot-configuration-processor</artifactId>
			<optional>true</optional>
		</dependency>
		<dependency>
			<groupId>org.springframework.boot</groupId>
			<artifactId>spring-boot-starter-websocket</artifactId>
		</dependency>

		<!-- For Tomcat Server only -->
		<dependency>
			<groupId>org.springframework.boot</groupId>
			<artifactId>spring-boot-starter-tomcat</artifactId>
			<scope>provided</scope>
		</dependency>

		<!-- Apache Common Utilities -->
		<dependency>
			<groupId>commons-io</groupId>
			<artifactId>commons-io</artifactId>
			<version>2.6</version>
		</dependency>
		<dependency>
			<groupId>org.apache.commons</groupId>
			<artifactId>commons-text</artifactId>
			<version>1.6</version>
		</dependency>

		<!-- Base64 encoder -->
		<dependency>
			<groupId>org.apache.commons</groupId>
			<artifactId>commons-lang3</artifactId>
			<version>3.6</version>
		</dependency>
		<dependency>
			<groupId>commons-codec</groupId>
			<artifactId>commons-codec</artifactId>
			<version>1.11</version>
		</dependency>

		<!-- Lombok -->
		<dependency>
			<groupId>org.projectlombok</groupId>
			<artifactId>lombok</artifactId>
			<optional>true</optional>
		</dependency>

		<!-- Logging -->
		<dependency>
			<groupId>ch.qos.logback</groupId>
			<artifactId>logback-classic</artifactId>
		</dependency>

		<!-- Testing -->
		<dependency>
			<groupId>org.springframework.boot</groupId>
			<artifactId>spring-boot-starter-test</artifactId>
			<scope>test</scope>
		</dependency>

		<!--AspectJ -->
		<dependency>
			<groupId>org.aspectj</groupId>
			<artifactId>aspectjrt</artifactId>
			<version>${aspectj.version}</version>
		</dependency>

		<dependency>
			<groupId>org.aspectj</groupId>
			<artifactId>aspectjweaver</artifactId>
			<version>${aspectj.version}</version>
		</dependency>

		<dependency>
			<groupId>io.springfox</groupId>
			<artifactId>springfox-swagger2</artifactId>
			<version>2.9.2</version>
		</dependency>

		<dependency>
			<groupId>io.springfox</groupId>
			<artifactId>springfox-swagger-ui</artifactId>
			<version>2.9.2</version>
		</dependency>

		<dependency>
			<groupId>com.fasterxml</groupId>
			<artifactId>classmate</artifactId>
			<version>1.4.0</version>
		</dependency>

		<dependency>
			<groupId>com.google.guava</groupId>
			<artifactId>guava</artifactId>
			<version>20.0</version>
		</dependency>

		<!-- Apache HTTP client -->
		<dependency>
			<groupId>org.apache.httpcomponents</groupId>
			<artifactId>httpclient</artifactId>
			<version>4.5.1</version>
		</dependency>

		<dependency>
			<groupId>org.apache.httpcomponents</groupId>
			<artifactId>httpmime</artifactId>
			<version>4.5.1</version>
		</dependency>

		<!-- Database -->
		<dependency>
			<groupId>org.springframework.boot</groupId>
			<artifactId>spring-boot-starter-data-jpa</artifactId>
			<exclusions>
				<exclusion>
					<groupId>org.apache.tomcat</groupId>
					<artifactId>tomcat-jdbc</artifactId>
				</exclusion>
			</exclusions>
		</dependency>

		<!-- No need HikariCP for JNDI war file -->
		<!-- <dependency> <groupId>com.zaxxer</groupId> <artifactId>HikariCP</artifactId> 
			<version>3.2.0</version> </dependency> -->

		<!-- <dependency> <groupId>com.h2database</groupId> <artifactId>h2</artifactId> 
			<version>1.4.193</version> </dependency> -->

		<!-- <dependency> <groupId>mysql</groupId> <artifactId>mysql-connector-java</artifactId> 
			<scope>runtime</scope> </dependency> -->

		<!-- <dependency> <groupId>postgresql</groupId> <artifactId>postgresql</artifactId> 
			<version>9.1-901.jdbc4</version> </dependency> -->

		<dependency>
			<groupId>org.postgresql</groupId>
			<artifactId>postgresql</artifactId>
			<version>42.2.5</version>
		</dependency>

		<dependency>
			<groupId>org.hibernate</groupId>
			<artifactId>hibernate-entitymanager</artifactId>
			<version>${hibernate.manager}</version>
		</dependency>

		<!-- AWS dependencies -->
		<dependency>
			<groupId>com.amazonaws</groupId>
			<artifactId>aws-java-sdk</artifactId>
			<version>1.11.406</version>
		</dependency>

		<!-- Customer DBUtility -->
		<dependency>
			<groupId>utility.database</groupId>
			<artifactId>DBUtility</artifactId>
			<version>1.0.0</version>
		</dependency>
	</dependencies>

	<build>
		<finalName>${project.name}</finalName>
		<plugins>
			<plugin>
				<groupId>org.springframework.boot</groupId>
				<artifactId>spring-boot-maven-plugin</artifactId>
			</plugin>
			<plugin>
				<artifactId>maven-failsafe-plugin</artifactId>
				<executions>
					<execution>
						<goals>
							<goal>integration-test</goal>
							<goal>verify</goal>
						</goals>
					</execution>
				</executions>
			</plugin>

			<!-- For integration test only, maven command :mvn integration-test -->
			<plugin>
				<groupId>org.apache.maven.plugins</groupId>
				<artifactId>maven-surefire-plugin</artifactId>
				<configuration>
					<excludes>
						<exclude>**/*Test.java</exclude>
					</excludes>
				</configuration>
				<executions>
					<execution>
						<id>integration-test</id>
						<goals>
							<goal>test</goal>
						</goals>
						<phase>integration-test</phase>
						<configuration>
							<excludes>
								<exclude>none</exclude>
							</excludes>
							<includes>
								<include>**/*IT.java</include>
							</includes>
						</configuration>
					</execution>
				</executions>
			</plugin>

			<plugin>
				<groupId>org.codehaus.mojo</groupId>
				<artifactId>properties-maven-plugin</artifactId>
				<version>1.0.0</version>
				<executions>
					<execution>
						<phase>initialize</phase>
						<goals>
							<goal>read-project-properties</goal>
						</goals>
						<configuration>
							<file>${basedir}/src/main/resources/application.properties</file>
						</configuration>
					</execution>
				</executions>
			</plugin>

			<!-- Copy asset/db/client/*.cfg to src/main/resources -->
			<plugin>
				<artifactId>maven-resources-plugin</artifactId>
				<version>3.1.0</version>
				<executions>
					<execution>
						<id>copy-resources</id>
						<phase>initialize</phase>
						<goals>
							<goal>copy-resources</goal>
						</goals>
						<configuration>
							<overwrite>true</overwrite>
							<outputDirectory>${basedir}/src/main/resources</outputDirectory>
							<resources>
								<resource>
									<directory>${config-value}</directory>
									<includes>
										<include>*.cfg</include>
									</includes>
								</resource>
							</resources>
						</configuration>
					</execution>
				</executions>
			</plugin>
		</plugins>
	</build>
</project>